-- ═══════════════════════════════════════════════════════════════════════════
-- TalentOS — seed_demo.sql
-- Datos de demo para producto completo. Idempotente: ON CONFLICT DO NOTHING.
-- Ejecutar en el SQL Editor de Supabase (una sola vez, o repetir sin daño).
-- ═══════════════════════════════════════════════════════════════════════════

-- ── BLOQUE 1: CONFIGURACIÓN HRIS ────────────────────────────────────────────

INSERT INTO allowance_types (id, company_id, name, unit) VALUES
  ('a1000000-0000-0000-0000-000000000001', '00000000-0000-0000-0000-000000000001', 'Vacaciones',        'days'),
  ('a1000000-0000-0000-0000-000000000002', '00000000-0000-0000-0000-000000000001', 'Horas compensadas', 'hours')
ON CONFLICT DO NOTHING;

INSERT INTO absence_types (id, company_id, name, color, icon, requires_approval, deducts_from_allowance, allowance_type_id, requires_document, allow_half_day) VALUES
  ('a2000000-0000-0000-0000-000000000001', '00000000-0000-0000-0000-000000000001', 'Vacaciones',             '#0E5C4A', '🌴', true,  true,  'a1000000-0000-0000-0000-000000000001', false, true),
  ('a2000000-0000-0000-0000-000000000002', '00000000-0000-0000-0000-000000000001', 'Baja médica',            '#E67E22', '🏥', false, false, null,                                  true,  false),
  ('a2000000-0000-0000-0000-000000000003', '00000000-0000-0000-0000-000000000001', 'Permiso personal',       '#2980B9', '🏠', true,  true,  'a1000000-0000-0000-0000-000000000001', false, true),
  ('a2000000-0000-0000-0000-000000000004', '00000000-0000-0000-0000-000000000001', 'Maternidad/Paternidad',  '#8E44AD', '👶', true,  false, null,                                  true,  false),
  ('a2000000-0000-0000-0000-000000000005', '00000000-0000-0000-0000-000000000001', 'Asuntos propios',        '#79746B', '📋', true,  true,  'a1000000-0000-0000-0000-000000000001', false, true)
ON CONFLICT DO NOTHING;

INSERT INTO allowance_policies (id, company_id, allowance_type_id, name, amount, cycle_type, assignment_timing, expiry_rule, carryover_limit, allow_negative, is_default) VALUES
  ('a3000000-0000-0000-0000-000000000001', '00000000-0000-0000-0000-000000000001', 'a1000000-0000-0000-0000-000000000001', 'Vacaciones estándar (23 días)', 23, 'annual', 'start_of_cycle', 'after_period', 5, false, true),
  ('a3000000-0000-0000-0000-000000000002', '00000000-0000-0000-0000-000000000001', 'a1000000-0000-0000-0000-000000000001', 'Vacaciones senior (25 días)',   25, 'annual', 'start_of_cycle', 'after_period', 5, false, false)
ON CONFLICT DO NOTHING;

INSERT INTO work_schedule_templates (id, company_id, name, week_type, is_default) VALUES
  ('a4000000-0000-0000-0000-000000000001', '00000000-0000-0000-0000-000000000001', 'Jornada estándar (40 h/sem)',        'single', true),
  ('a4000000-0000-0000-0000-000000000002', '00000000-0000-0000-0000-000000000001', 'Jornada intensiva verano (35 h/sem)','single', false)
ON CONFLICT DO NOTHING;

INSERT INTO work_schedule_weeks (id, template_id, week_label, week_index) VALUES
  ('a5000000-0000-0000-0000-000000000001', 'a4000000-0000-0000-0000-000000000001', 'Semana 1', 0),
  ('a5000000-0000-0000-0000-000000000002', 'a4000000-0000-0000-0000-000000000002', 'Semana 1', 0)
ON CONFLICT DO NOTHING;

-- Jornada estándar: L-V 09:00-18:00, 480 min efectivos (8 h contrato, 1 h comida)
INSERT INTO work_schedule_days (id, week_id, day_of_week, is_working_day, slots, total_minutes) VALUES
  ('a6000000-0000-0000-0000-000000000001', 'a5000000-0000-0000-0000-000000000001', 0, true,  '[{"start":"09:00","end":"18:00"}]', 480),
  ('a6000000-0000-0000-0000-000000000002', 'a5000000-0000-0000-0000-000000000001', 1, true,  '[{"start":"09:00","end":"18:00"}]', 480),
  ('a6000000-0000-0000-0000-000000000003', 'a5000000-0000-0000-0000-000000000001', 2, true,  '[{"start":"09:00","end":"18:00"}]', 480),
  ('a6000000-0000-0000-0000-000000000004', 'a5000000-0000-0000-0000-000000000001', 3, true,  '[{"start":"09:00","end":"18:00"}]', 480),
  ('a6000000-0000-0000-0000-000000000005', 'a5000000-0000-0000-0000-000000000001', 4, true,  '[{"start":"09:00","end":"18:00"}]', 480),
  ('a6000000-0000-0000-0000-000000000006', 'a5000000-0000-0000-0000-000000000001', 5, false, '[]', 0),
  ('a6000000-0000-0000-0000-000000000007', 'a5000000-0000-0000-0000-000000000001', 6, false, '[]', 0),
  -- Jornada intensiva: L-V 08:00-15:00, 420 min (7 h)
  ('a6000000-0000-0000-0000-000000000008', 'a5000000-0000-0000-0000-000000000002', 0, true,  '[{"start":"08:00","end":"15:00"}]', 420),
  ('a6000000-0000-0000-0000-000000000009', 'a5000000-0000-0000-0000-000000000002', 1, true,  '[{"start":"08:00","end":"15:00"}]', 420),
  ('a6000000-0000-0000-0000-000000000010', 'a5000000-0000-0000-0000-000000000002', 2, true,  '[{"start":"08:00","end":"15:00"}]', 420),
  ('a6000000-0000-0000-0000-000000000011', 'a5000000-0000-0000-0000-000000000002', 3, true,  '[{"start":"08:00","end":"15:00"}]', 420),
  ('a6000000-0000-0000-0000-000000000012', 'a5000000-0000-0000-0000-000000000002', 4, true,  '[{"start":"08:00","end":"15:00"}]', 420),
  ('a6000000-0000-0000-0000-000000000013', 'a5000000-0000-0000-0000-000000000002', 5, false, '[]', 0),
  ('a6000000-0000-0000-0000-000000000014', 'a5000000-0000-0000-0000-000000000002', 6, false, '[]', 0)
ON CONFLICT DO NOTHING;

INSERT INTO company_holidays (id, company_id, name, date, repeats_annually, is_half_day, deducts_from_allowance) VALUES
  ('b1000000-0000-0000-0000-000000000001', '00000000-0000-0000-0000-000000000001', 'Año Nuevo',                '2026-01-01', true,  false, false),
  ('b1000000-0000-0000-0000-000000000002', '00000000-0000-0000-0000-000000000001', 'Reyes Magos',              '2026-01-06', true,  false, false),
  ('b1000000-0000-0000-0000-000000000003', '00000000-0000-0000-0000-000000000001', 'Viernes Santo',            '2026-04-03', false, false, false),
  ('b1000000-0000-0000-0000-000000000004', '00000000-0000-0000-0000-000000000001', 'Día del Trabajo',          '2026-05-01', true,  false, false),
  ('b1000000-0000-0000-0000-000000000005', '00000000-0000-0000-0000-000000000001', 'Asunción de la Virgen',    '2026-08-15', true,  false, false),
  ('b1000000-0000-0000-0000-000000000006', '00000000-0000-0000-0000-000000000001', 'Día de la Hispanidad',     '2026-10-12', true,  false, false),
  ('b1000000-0000-0000-0000-000000000007', '00000000-0000-0000-0000-000000000001', 'Todos los Santos',         '2026-11-01', true,  false, false),
  ('b1000000-0000-0000-0000-000000000008', '00000000-0000-0000-0000-000000000001', 'Día de la Constitución',   '2026-12-06', true,  false, false),
  ('b1000000-0000-0000-0000-000000000009', '00000000-0000-0000-0000-000000000001', 'Inmaculada Concepción',    '2026-12-08', true,  false, false),
  ('b1000000-0000-0000-0000-000000000010', '00000000-0000-0000-0000-000000000001', 'Navidad',                  '2026-12-25', true,  false, false)
ON CONFLICT DO NOTHING;


-- ── BLOQUE 2: ORGANIGRAMA (7 nuevos empleados → 11 total) ───────────────────
--
--   Elena Ruiz (CEO)
--   ├── David Soto (CTO)
--   │   ├── Pablo Iglesias (Backend)   [existente]
--   │   ├── Lucía Fernández (Frontend) [contratada desde ATS]
--   │   └── Sofía Reyes (QA)
--   ├── Ana García (COO)
--   │   └── Rafael Mora (Finance Analyst)
--   ├── Carlos Méndez (Head of Marketing)
--   │   └── Marta González (Marketing Specialist)
--   └── Nuria Pla (Head of People)     [existente]
--       └── Juan Torres (People Ops)

INSERT INTO employees (id, company_id, candidate_id, application_id, name, email, role_title, department, start_date, contract_type, manager_id, vacation_days_total) VALUES
  ('60000000-0000-0000-0000-000000000005', '00000000-0000-0000-0000-000000000001',
   '40000000-0000-0000-0000-000000000001', '50000000-0000-0000-0000-000000000001',
   'Lucía Fernández', 'lucia@acme.example.com', 'Frontend Engineer', 'Engineering',
   '2023-03-01', 'indefinido', '60000000-0000-0000-0000-000000000002', 23),
  ('60000000-0000-0000-0000-000000000006', '00000000-0000-0000-0000-000000000001',
   null, null,
   'Sofía Reyes', 'sofia@acme.example.com', 'QA Engineer', 'Engineering',
   '2023-07-15', 'indefinido', '60000000-0000-0000-0000-000000000002', 23),
  ('60000000-0000-0000-0000-000000000007', '00000000-0000-0000-0000-000000000001',
   null, null,
   'Ana García', 'ana@acme.example.com', 'COO', 'Operaciones',
   '2021-01-10', 'indefinido', '60000000-0000-0000-0000-000000000001', 25),
  ('60000000-0000-0000-0000-000000000008', '00000000-0000-0000-0000-000000000001',
   null, null,
   'Rafael Mora', 'rafael@acme.example.com', 'Finance Analyst', 'Operaciones',
   '2022-05-02', 'indefinido', '60000000-0000-0000-0000-000000000007', 23),
  ('60000000-0000-0000-0000-000000000009', '00000000-0000-0000-0000-000000000001',
   null, null,
   'Carlos Méndez', 'carlos@acme.example.com', 'Head of Marketing', 'Marketing',
   '2021-09-01', 'indefinido', '60000000-0000-0000-0000-000000000001', 23),
  ('60000000-0000-0000-0000-000000000010', '00000000-0000-0000-0000-000000000001',
   null, null,
   'Marta González', 'marta@acme.example.com', 'Marketing Specialist', 'Marketing',
   '2022-11-14', 'indefinido', '60000000-0000-0000-0000-000000000009', 23),
  ('60000000-0000-0000-0000-000000000011', '00000000-0000-0000-0000-000000000001',
   null, null,
   'Juan Torres', 'juan@acme.example.com', 'People Ops', 'People',
   '2023-02-01', 'indefinido', '60000000-0000-0000-0000-000000000003', 23)
ON CONFLICT DO NOTHING;

-- Actualizar vacation_days_total de seniors existentes
UPDATE employees SET vacation_days_total = 25
WHERE id IN ('60000000-0000-0000-0000-000000000001','60000000-0000-0000-0000-000000000002');


-- ── BLOQUE 3: ASIGNACIONES (allowances + schedules) ─────────────────────────

INSERT INTO employee_allowances (id, employee_id, policy_id, valid_from) VALUES
  -- Senior 25 días: Elena, David, Ana
  ('aa000000-0000-0000-0000-000000000001', '60000000-0000-0000-0000-000000000001', 'a3000000-0000-0000-0000-000000000002', '2020-01-15'),
  ('aa000000-0000-0000-0000-000000000002', '60000000-0000-0000-0000-000000000002', 'a3000000-0000-0000-0000-000000000002', '2020-03-01'),
  ('aa000000-0000-0000-0000-000000000007', '60000000-0000-0000-0000-000000000007', 'a3000000-0000-0000-0000-000000000002', '2021-01-10'),
  -- Estándar 23 días: resto
  ('aa000000-0000-0000-0000-000000000003', '60000000-0000-0000-0000-000000000003', 'a3000000-0000-0000-0000-000000000001', '2021-06-01'),
  ('aa000000-0000-0000-0000-000000000004', '60000000-0000-0000-0000-000000000004', 'a3000000-0000-0000-0000-000000000001', '2022-09-12'),
  ('aa000000-0000-0000-0000-000000000005', '60000000-0000-0000-0000-000000000005', 'a3000000-0000-0000-0000-000000000001', '2023-03-01'),
  ('aa000000-0000-0000-0000-000000000006', '60000000-0000-0000-0000-000000000006', 'a3000000-0000-0000-0000-000000000001', '2023-07-15'),
  ('aa000000-0000-0000-0000-000000000008', '60000000-0000-0000-0000-000000000008', 'a3000000-0000-0000-0000-000000000001', '2022-05-02'),
  ('aa000000-0000-0000-0000-000000000009', '60000000-0000-0000-0000-000000000009', 'a3000000-0000-0000-0000-000000000001', '2021-09-01'),
  ('aa000000-0000-0000-0000-000000000010', '60000000-0000-0000-0000-000000000010', 'a3000000-0000-0000-0000-000000000001', '2022-11-14'),
  ('aa000000-0000-0000-0000-000000000011', '60000000-0000-0000-0000-000000000011', 'a3000000-0000-0000-0000-000000000001', '2023-02-01')
ON CONFLICT DO NOTHING;

INSERT INTO employee_schedules (id, employee_id, template_id, valid_from) VALUES
  ('ab000000-0000-0000-0000-000000000001', '60000000-0000-0000-0000-000000000001', 'a4000000-0000-0000-0000-000000000001', '2020-01-15'),
  ('ab000000-0000-0000-0000-000000000002', '60000000-0000-0000-0000-000000000002', 'a4000000-0000-0000-0000-000000000001', '2020-03-01'),
  ('ab000000-0000-0000-0000-000000000003', '60000000-0000-0000-0000-000000000003', 'a4000000-0000-0000-0000-000000000001', '2021-06-01'),
  ('ab000000-0000-0000-0000-000000000004', '60000000-0000-0000-0000-000000000004', 'a4000000-0000-0000-0000-000000000001', '2022-09-12'),
  ('ab000000-0000-0000-0000-000000000005', '60000000-0000-0000-0000-000000000005', 'a4000000-0000-0000-0000-000000000001', '2023-03-01'),
  ('ab000000-0000-0000-0000-000000000006', '60000000-0000-0000-0000-000000000006', 'a4000000-0000-0000-0000-000000000001', '2023-07-15'),
  ('ab000000-0000-0000-0000-000000000007', '60000000-0000-0000-0000-000000000007', 'a4000000-0000-0000-0000-000000000001', '2021-01-10'),
  ('ab000000-0000-0000-0000-000000000008', '60000000-0000-0000-0000-000000000008', 'a4000000-0000-0000-0000-000000000001', '2022-05-02'),
  ('ab000000-0000-0000-0000-000000000009', '60000000-0000-0000-0000-000000000009', 'a4000000-0000-0000-0000-000000000001', '2021-09-01'),
  ('ab000000-0000-0000-0000-000000000010', '60000000-0000-0000-0000-000000000010', 'a4000000-0000-0000-0000-000000000001', '2022-11-14'),
  ('ab000000-0000-0000-0000-000000000011', '60000000-0000-0000-0000-000000000011', 'a4000000-0000-0000-0000-000000000001', '2023-02-01')
ON CONFLICT DO NOTHING;


-- ── BLOQUE 4: SOLICITUDES DE AUSENCIA ───────────────────────────────────────
-- Aprobadas por Nuria (60000000-0000-0000-0000-000000000003, Head of People)

INSERT INTO absence_requests
  (id, company_id, employee_id, absence_type_id,
   start_date, end_date, working_days_count,
   status, approved_by_employee_id, approved_at, rejection_reason)
VALUES
  -- Pablo: vacaciones agosto (aprobadas)
  ('ac000000-0000-0000-0000-000000000001','00000000-0000-0000-0000-000000000001',
   '60000000-0000-0000-0000-000000000004','a2000000-0000-0000-0000-000000000001',
   '2026-08-03','2026-08-14',10,'approved','60000000-0000-0000-0000-000000000003','2026-06-15 10:00:00+02',null),
  -- Lucía: vacaciones julio (aprobadas)
  ('ac000000-0000-0000-0000-000000000002','00000000-0000-0000-0000-000000000001',
   '60000000-0000-0000-0000-000000000005','a2000000-0000-0000-0000-000000000001',
   '2026-07-13','2026-07-24',10,'approved','60000000-0000-0000-0000-000000000003','2026-06-20 11:30:00+02',null),
  -- Elena: navidades (aprobadas)
  ('ac000000-0000-0000-0000-000000000003','00000000-0000-0000-0000-000000000001',
   '60000000-0000-0000-0000-000000000001','a2000000-0000-0000-0000-000000000001',
   '2026-12-22','2027-01-02',8,'approved','60000000-0000-0000-0000-000000000003','2026-11-10 09:00:00+01',null),
  -- David: vacaciones septiembre (pendientes)
  ('ac000000-0000-0000-0000-000000000004','00000000-0000-0000-0000-000000000001',
   '60000000-0000-0000-0000-000000000002','a2000000-0000-0000-0000-000000000001',
   '2026-09-07','2026-09-18',10,'pending',null,null,null),
  -- Marta: vacaciones agosto (pendientes)
  ('ac000000-0000-0000-0000-000000000005','00000000-0000-0000-0000-000000000001',
   '60000000-0000-0000-0000-000000000010','a2000000-0000-0000-0000-000000000001',
   '2026-08-03','2026-08-14',10,'pending',null,null,null),
  -- Nuria: vacaciones agosto (pendientes)
  ('ac000000-0000-0000-0000-000000000006','00000000-0000-0000-0000-000000000001',
   '60000000-0000-0000-0000-000000000003','a2000000-0000-0000-0000-000000000001',
   '2026-08-17','2026-08-28',10,'pending',null,null,null),
  -- Sofía: baja médica mayo (aprobada)
  ('ac000000-0000-0000-0000-000000000007','00000000-0000-0000-0000-000000000001',
   '60000000-0000-0000-0000-000000000006','a2000000-0000-0000-0000-000000000002',
   '2026-05-11','2026-05-15',5,'approved','60000000-0000-0000-0000-000000000003','2026-05-11 08:15:00+02',null),
  -- Carlos: baja médica junio (aprobada)
  ('ac000000-0000-0000-0000-000000000008','00000000-0000-0000-0000-000000000001',
   '60000000-0000-0000-0000-000000000009','a2000000-0000-0000-0000-000000000002',
   '2026-06-03','2026-06-04',2,'approved','60000000-0000-0000-0000-000000000003','2026-06-03 08:30:00+02',null),
  -- Juan: permiso personal rechazado
  ('ac000000-0000-0000-0000-000000000009','00000000-0000-0000-0000-000000000001',
   '60000000-0000-0000-0000-000000000011','a2000000-0000-0000-0000-000000000003',
   '2026-06-26','2026-06-26',1,'rejected','60000000-0000-0000-0000-000000000003',null,'El equipo no tiene cobertura ese día'),
  -- Rafael: permiso personal aprobado (mañana)
  ('ac000000-0000-0000-0000-000000000010','00000000-0000-0000-0000-000000000001',
   '60000000-0000-0000-0000-000000000008','a2000000-0000-0000-0000-000000000003',
   '2026-07-02','2026-07-02',1,'approved','60000000-0000-0000-0000-000000000003','2026-06-28 10:00:00+02',null),
  -- Ana: asuntos propios junio (aprobada)
  ('ac000000-0000-0000-0000-000000000011','00000000-0000-0000-0000-000000000001',
   '60000000-0000-0000-0000-000000000007','a2000000-0000-0000-0000-000000000005',
   '2026-06-19','2026-06-19',1,'approved','60000000-0000-0000-0000-000000000003','2026-06-18 16:00:00+02',null),
  -- Pablo: asuntos propios mayo (aprobado)
  ('ac000000-0000-0000-0000-000000000012','00000000-0000-0000-0000-000000000001',
   '60000000-0000-0000-0000-000000000004','a2000000-0000-0000-0000-000000000005',
   '2026-05-22','2026-05-22',1,'approved','60000000-0000-0000-0000-000000000003','2026-05-21 11:00:00+02',null),
  -- Marta: maternidad octubre (pendiente)
  ('ac000000-0000-0000-0000-000000000013','00000000-0000-0000-0000-000000000001',
   '60000000-0000-0000-0000-000000000010','a2000000-0000-0000-0000-000000000004',
   '2026-10-01','2026-12-31',65,'pending',null,null,null)
ON CONFLICT DO NOTHING;


-- ── BLOQUE 5: REGISTROS DE HORAS ────────────────────────────────────────────
-- Mayo 2026: días L-V (1 mayo = festivo). Junio 2026: días L-V.
-- Zona horaria CEST = +02:00 (verano).
-- Normal: 09:00-17:00 = 480 min. Largo: 09:00-19:00 = 600 min. Corto: 09:30-17:30 = 480 min.

-- Pablo Iglesias — Junio 2026 (18 días)
INSERT INTO time_entries (id, company_id, employee_id, date, start_time, end_time, duration_minutes, entry_type, timezone, source) VALUES
  ('b1000000-0000-0000-0000-000000000001','00000000-0000-0000-0000-000000000001','60000000-0000-0000-0000-000000000004','2026-06-01','2026-06-01 09:00:00+02','2026-06-01 17:00:00+02',480,'work','Europe/Madrid','manual'),
  ('b1000000-0000-0000-0000-000000000002','00000000-0000-0000-0000-000000000001','60000000-0000-0000-0000-000000000004','2026-06-02','2026-06-02 09:00:00+02','2026-06-02 17:00:00+02',480,'work','Europe/Madrid','manual'),
  ('b1000000-0000-0000-0000-000000000003','00000000-0000-0000-0000-000000000001','60000000-0000-0000-0000-000000000004','2026-06-03','2026-06-03 09:00:00+02','2026-06-03 17:00:00+02',480,'work','Europe/Madrid','manual'),
  ('b1000000-0000-0000-0000-000000000004','00000000-0000-0000-0000-000000000001','60000000-0000-0000-0000-000000000004','2026-06-04','2026-06-04 09:00:00+02','2026-06-04 19:00:00+02',600,'work','Europe/Madrid','manual'),
  ('b1000000-0000-0000-0000-000000000005','00000000-0000-0000-0000-000000000001','60000000-0000-0000-0000-000000000004','2026-06-05','2026-06-05 09:00:00+02','2026-06-05 17:00:00+02',480,'work','Europe/Madrid','manual'),
  ('b1000000-0000-0000-0000-000000000006','00000000-0000-0000-0000-000000000001','60000000-0000-0000-0000-000000000004','2026-06-08','2026-06-08 09:00:00+02','2026-06-08 17:00:00+02',480,'work','Europe/Madrid','manual'),
  ('b1000000-0000-0000-0000-000000000007','00000000-0000-0000-0000-000000000001','60000000-0000-0000-0000-000000000004','2026-06-10','2026-06-10 09:00:00+02','2026-06-10 19:00:00+02',600,'work','Europe/Madrid','manual'),
  ('b1000000-0000-0000-0000-000000000008','00000000-0000-0000-0000-000000000001','60000000-0000-0000-0000-000000000004','2026-06-11','2026-06-11 09:00:00+02','2026-06-11 17:00:00+02',480,'work','Europe/Madrid','manual'),
  ('b1000000-0000-0000-0000-000000000009','00000000-0000-0000-0000-000000000001','60000000-0000-0000-0000-000000000004','2026-06-12','2026-06-12 09:00:00+02','2026-06-12 17:00:00+02',480,'work','Europe/Madrid','manual'),
  ('b1000000-0000-0000-0000-000000000010','00000000-0000-0000-0000-000000000001','60000000-0000-0000-0000-000000000004','2026-06-15','2026-06-15 09:00:00+02','2026-06-15 17:00:00+02',480,'work','Europe/Madrid','manual'),
  ('b1000000-0000-0000-0000-000000000011','00000000-0000-0000-0000-000000000001','60000000-0000-0000-0000-000000000004','2026-06-16','2026-06-16 09:00:00+02','2026-06-16 17:00:00+02',480,'work','Europe/Madrid','manual'),
  ('b1000000-0000-0000-0000-000000000012','00000000-0000-0000-0000-000000000001','60000000-0000-0000-0000-000000000004','2026-06-17','2026-06-17 09:00:00+02','2026-06-17 17:00:00+02',480,'work','Europe/Madrid','manual'),
  ('b1000000-0000-0000-0000-000000000013','00000000-0000-0000-0000-000000000001','60000000-0000-0000-0000-000000000004','2026-06-18','2026-06-18 09:00:00+02','2026-06-18 19:00:00+02',600,'work','Europe/Madrid','manual'),
  ('b1000000-0000-0000-0000-000000000014','00000000-0000-0000-0000-000000000001','60000000-0000-0000-0000-000000000004','2026-06-19','2026-06-19 09:30:00+02','2026-06-19 17:30:00+02',480,'work','Europe/Madrid','manual'),
  ('b1000000-0000-0000-0000-000000000015','00000000-0000-0000-0000-000000000001','60000000-0000-0000-0000-000000000004','2026-06-22','2026-06-22 09:00:00+02','2026-06-22 17:00:00+02',480,'work','Europe/Madrid','manual'),
  ('b1000000-0000-0000-0000-000000000016','00000000-0000-0000-0000-000000000001','60000000-0000-0000-0000-000000000004','2026-06-23','2026-06-23 09:00:00+02','2026-06-23 17:00:00+02',480,'work','Europe/Madrid','manual'),
  ('b1000000-0000-0000-0000-000000000017','00000000-0000-0000-0000-000000000001','60000000-0000-0000-0000-000000000004','2026-06-25','2026-06-25 09:00:00+02','2026-06-25 19:00:00+02',600,'work','Europe/Madrid','manual'),
  ('b1000000-0000-0000-0000-000000000018','00000000-0000-0000-0000-000000000001','60000000-0000-0000-0000-000000000004','2026-06-26','2026-06-26 09:00:00+02','2026-06-26 17:00:00+02',480,'work','Europe/Madrid','manual')
ON CONFLICT DO NOTHING;

-- David Soto — Junio 2026 (15 días)
INSERT INTO time_entries (id, company_id, employee_id, date, start_time, end_time, duration_minutes, entry_type, timezone, source) VALUES
  ('b2000000-0000-0000-0000-000000000001','00000000-0000-0000-0000-000000000001','60000000-0000-0000-0000-000000000002','2026-06-01','2026-06-01 09:00:00+02','2026-06-01 17:00:00+02',480,'work','Europe/Madrid','manual'),
  ('b2000000-0000-0000-0000-000000000002','00000000-0000-0000-0000-000000000001','60000000-0000-0000-0000-000000000002','2026-06-02','2026-06-02 09:00:00+02','2026-06-02 17:00:00+02',480,'work','Europe/Madrid','manual'),
  ('b2000000-0000-0000-0000-000000000003','00000000-0000-0000-0000-000000000001','60000000-0000-0000-0000-000000000002','2026-06-03','2026-06-03 09:00:00+02','2026-06-03 18:30:00+02',570,'work','Europe/Madrid','manual'),
  ('b2000000-0000-0000-0000-000000000004','00000000-0000-0000-0000-000000000001','60000000-0000-0000-0000-000000000002','2026-06-04','2026-06-04 09:00:00+02','2026-06-04 18:30:00+02',570,'work','Europe/Madrid','manual'),
  ('b2000000-0000-0000-0000-000000000005','00000000-0000-0000-0000-000000000001','60000000-0000-0000-0000-000000000002','2026-06-05','2026-06-05 09:00:00+02','2026-06-05 17:00:00+02',480,'work','Europe/Madrid','manual'),
  ('b2000000-0000-0000-0000-000000000006','00000000-0000-0000-0000-000000000001','60000000-0000-0000-0000-000000000002','2026-06-08','2026-06-08 09:00:00+02','2026-06-08 17:00:00+02',480,'work','Europe/Madrid','manual'),
  ('b2000000-0000-0000-0000-000000000007','00000000-0000-0000-0000-000000000001','60000000-0000-0000-0000-000000000002','2026-06-11','2026-06-11 09:00:00+02','2026-06-11 17:00:00+02',480,'work','Europe/Madrid','manual'),
  ('b2000000-0000-0000-0000-000000000008','00000000-0000-0000-0000-000000000001','60000000-0000-0000-0000-000000000002','2026-06-12','2026-06-12 09:00:00+02','2026-06-12 17:00:00+02',480,'work','Europe/Madrid','manual'),
  ('b2000000-0000-0000-0000-000000000009','00000000-0000-0000-0000-000000000001','60000000-0000-0000-0000-000000000002','2026-06-15','2026-06-15 09:00:00+02','2026-06-15 17:00:00+02',480,'work','Europe/Madrid','manual'),
  ('b2000000-0000-0000-0000-000000000010','00000000-0000-0000-0000-000000000001','60000000-0000-0000-0000-000000000002','2026-06-16','2026-06-16 09:00:00+02','2026-06-16 17:00:00+02',480,'work','Europe/Madrid','manual'),
  ('b2000000-0000-0000-0000-000000000011','00000000-0000-0000-0000-000000000001','60000000-0000-0000-0000-000000000002','2026-06-17','2026-06-17 09:00:00+02','2026-06-17 18:30:00+02',570,'work','Europe/Madrid','manual'),
  ('b2000000-0000-0000-0000-000000000012','00000000-0000-0000-0000-000000000001','60000000-0000-0000-0000-000000000002','2026-06-22','2026-06-22 09:00:00+02','2026-06-22 17:00:00+02',480,'work','Europe/Madrid','manual'),
  ('b2000000-0000-0000-0000-000000000013','00000000-0000-0000-0000-000000000001','60000000-0000-0000-0000-000000000002','2026-06-23','2026-06-23 09:00:00+02','2026-06-23 17:00:00+02',480,'work','Europe/Madrid','manual'),
  ('b2000000-0000-0000-0000-000000000014','00000000-0000-0000-0000-000000000001','60000000-0000-0000-0000-000000000002','2026-06-25','2026-06-25 09:00:00+02','2026-06-25 17:00:00+02',480,'work','Europe/Madrid','manual'),
  ('b2000000-0000-0000-0000-000000000015','00000000-0000-0000-0000-000000000001','60000000-0000-0000-0000-000000000002','2026-06-26','2026-06-26 09:00:00+02','2026-06-26 17:00:00+02',480,'work','Europe/Madrid','manual')
ON CONFLICT DO NOTHING;

-- Lucía Fernández — Mayo 2026 (15 días, sem 1-3)
INSERT INTO time_entries (id, company_id, employee_id, date, start_time, end_time, duration_minutes, entry_type, timezone, source) VALUES
  ('b3000000-0000-0000-0000-000000000001','00000000-0000-0000-0000-000000000001','60000000-0000-0000-0000-000000000005','2026-05-04','2026-05-04 09:00:00+02','2026-05-04 17:00:00+02',480,'work','Europe/Madrid','manual'),
  ('b3000000-0000-0000-0000-000000000002','00000000-0000-0000-0000-000000000001','60000000-0000-0000-0000-000000000005','2026-05-05','2026-05-05 09:00:00+02','2026-05-05 17:00:00+02',480,'work','Europe/Madrid','manual'),
  ('b3000000-0000-0000-0000-000000000003','00000000-0000-0000-0000-000000000001','60000000-0000-0000-0000-000000000005','2026-05-06','2026-05-06 09:00:00+02','2026-05-06 17:00:00+02',480,'work','Europe/Madrid','manual'),
  ('b3000000-0000-0000-0000-000000000004','00000000-0000-0000-0000-000000000001','60000000-0000-0000-0000-000000000005','2026-05-07','2026-05-07 09:00:00+02','2026-05-07 17:00:00+02',480,'work','Europe/Madrid','manual'),
  ('b3000000-0000-0000-0000-000000000005','00000000-0000-0000-0000-000000000001','60000000-0000-0000-0000-000000000005','2026-05-08','2026-05-08 09:00:00+02','2026-05-08 19:00:00+02',600,'work','Europe/Madrid','manual'),
  ('b3000000-0000-0000-0000-000000000006','00000000-0000-0000-0000-000000000001','60000000-0000-0000-0000-000000000005','2026-05-11','2026-05-11 09:00:00+02','2026-05-11 17:00:00+02',480,'work','Europe/Madrid','manual'),
  ('b3000000-0000-0000-0000-000000000007','00000000-0000-0000-0000-000000000001','60000000-0000-0000-0000-000000000005','2026-05-12','2026-05-12 09:00:00+02','2026-05-12 17:00:00+02',480,'work','Europe/Madrid','manual'),
  ('b3000000-0000-0000-0000-000000000008','00000000-0000-0000-0000-000000000001','60000000-0000-0000-0000-000000000005','2026-05-13','2026-05-13 09:00:00+02','2026-05-13 17:00:00+02',480,'work','Europe/Madrid','manual'),
  ('b3000000-0000-0000-0000-000000000009','00000000-0000-0000-0000-000000000001','60000000-0000-0000-0000-000000000005','2026-05-14','2026-05-14 09:00:00+02','2026-05-14 17:00:00+02',480,'work','Europe/Madrid','manual'),
  ('b3000000-0000-0000-0000-000000000010','00000000-0000-0000-0000-000000000001','60000000-0000-0000-0000-000000000005','2026-05-15','2026-05-15 09:00:00+02','2026-05-15 19:00:00+02',600,'work','Europe/Madrid','manual'),
  ('b3000000-0000-0000-0000-000000000011','00000000-0000-0000-0000-000000000001','60000000-0000-0000-0000-000000000005','2026-05-18','2026-05-18 09:00:00+02','2026-05-18 17:00:00+02',480,'work','Europe/Madrid','manual'),
  ('b3000000-0000-0000-0000-000000000012','00000000-0000-0000-0000-000000000001','60000000-0000-0000-0000-000000000005','2026-05-19','2026-05-19 09:00:00+02','2026-05-19 17:00:00+02',480,'work','Europe/Madrid','manual'),
  ('b3000000-0000-0000-0000-000000000013','00000000-0000-0000-0000-000000000001','60000000-0000-0000-0000-000000000005','2026-05-20','2026-05-20 09:00:00+02','2026-05-20 17:00:00+02',480,'work','Europe/Madrid','manual'),
  ('b3000000-0000-0000-0000-000000000014','00000000-0000-0000-0000-000000000001','60000000-0000-0000-0000-000000000005','2026-05-21','2026-05-21 09:00:00+02','2026-05-21 17:00:00+02',480,'work','Europe/Madrid','manual'),
  ('b3000000-0000-0000-0000-000000000015','00000000-0000-0000-0000-000000000001','60000000-0000-0000-0000-000000000005','2026-05-22','2026-05-22 09:00:00+02','2026-05-22 19:00:00+02',600,'work','Europe/Madrid','manual')
ON CONFLICT DO NOTHING;

-- Lucía Fernández — Junio 2026 (18 días)
INSERT INTO time_entries (id, company_id, employee_id, date, start_time, end_time, duration_minutes, entry_type, timezone, source) VALUES
  ('b4000000-0000-0000-0000-000000000001','00000000-0000-0000-0000-000000000001','60000000-0000-0000-0000-000000000005','2026-06-01','2026-06-01 09:00:00+02','2026-06-01 17:00:00+02',480,'work','Europe/Madrid','manual'),
  ('b4000000-0000-0000-0000-000000000002','00000000-0000-0000-0000-000000000001','60000000-0000-0000-0000-000000000005','2026-06-02','2026-06-02 09:00:00+02','2026-06-02 17:00:00+02',480,'work','Europe/Madrid','manual'),
  ('b4000000-0000-0000-0000-000000000003','00000000-0000-0000-0000-000000000001','60000000-0000-0000-0000-000000000005','2026-06-03','2026-06-03 09:00:00+02','2026-06-03 17:00:00+02',480,'work','Europe/Madrid','manual'),
  ('b4000000-0000-0000-0000-000000000004','00000000-0000-0000-0000-000000000001','60000000-0000-0000-0000-000000000005','2026-06-04','2026-06-04 09:00:00+02','2026-06-04 19:00:00+02',600,'work','Europe/Madrid','manual'),
  ('b4000000-0000-0000-0000-000000000005','00000000-0000-0000-0000-000000000001','60000000-0000-0000-0000-000000000005','2026-06-05','2026-06-05 09:00:00+02','2026-06-05 17:00:00+02',480,'work','Europe/Madrid','manual'),
  ('b4000000-0000-0000-0000-000000000006','00000000-0000-0000-0000-000000000001','60000000-0000-0000-0000-000000000005','2026-06-08','2026-06-08 09:00:00+02','2026-06-08 17:00:00+02',480,'work','Europe/Madrid','manual'),
  ('b4000000-0000-0000-0000-000000000007','00000000-0000-0000-0000-000000000001','60000000-0000-0000-0000-000000000005','2026-06-10','2026-06-10 09:00:00+02','2026-06-10 19:00:00+02',600,'work','Europe/Madrid','manual'),
  ('b4000000-0000-0000-0000-000000000008','00000000-0000-0000-0000-000000000001','60000000-0000-0000-0000-000000000005','2026-06-11','2026-06-11 09:00:00+02','2026-06-11 17:00:00+02',480,'work','Europe/Madrid','manual'),
  ('b4000000-0000-0000-0000-000000000009','00000000-0000-0000-0000-000000000001','60000000-0000-0000-0000-000000000005','2026-06-12','2026-06-12 09:00:00+02','2026-06-12 17:00:00+02',480,'work','Europe/Madrid','manual'),
  ('b4000000-0000-0000-0000-000000000010','00000000-0000-0000-0000-000000000001','60000000-0000-0000-0000-000000000005','2026-06-15','2026-06-15 09:00:00+02','2026-06-15 17:00:00+02',480,'work','Europe/Madrid','manual'),
  ('b4000000-0000-0000-0000-000000000011','00000000-0000-0000-0000-000000000001','60000000-0000-0000-0000-000000000005','2026-06-16','2026-06-16 09:00:00+02','2026-06-16 17:00:00+02',480,'work','Europe/Madrid','manual'),
  ('b4000000-0000-0000-0000-000000000012','00000000-0000-0000-0000-000000000001','60000000-0000-0000-0000-000000000005','2026-06-17','2026-06-17 09:00:00+02','2026-06-17 17:00:00+02',480,'work','Europe/Madrid','manual'),
  ('b4000000-0000-0000-0000-000000000013','00000000-0000-0000-0000-000000000001','60000000-0000-0000-0000-000000000005','2026-06-18','2026-06-18 09:00:00+02','2026-06-18 19:00:00+02',600,'work','Europe/Madrid','manual'),
  ('b4000000-0000-0000-0000-000000000014','00000000-0000-0000-0000-000000000001','60000000-0000-0000-0000-000000000005','2026-06-19','2026-06-19 09:00:00+02','2026-06-19 17:00:00+02',480,'work','Europe/Madrid','manual'),
  ('b4000000-0000-0000-0000-000000000015','00000000-0000-0000-0000-000000000001','60000000-0000-0000-0000-000000000005','2026-06-22','2026-06-22 09:00:00+02','2026-06-22 17:00:00+02',480,'work','Europe/Madrid','manual'),
  ('b4000000-0000-0000-0000-000000000016','00000000-0000-0000-0000-000000000001','60000000-0000-0000-0000-000000000005','2026-06-23','2026-06-23 09:00:00+02','2026-06-23 17:00:00+02',480,'work','Europe/Madrid','manual'),
  ('b4000000-0000-0000-0000-000000000017','00000000-0000-0000-0000-000000000001','60000000-0000-0000-0000-000000000005','2026-06-25','2026-06-25 09:00:00+02','2026-06-25 17:00:00+02',480,'work','Europe/Madrid','manual'),
  ('b4000000-0000-0000-0000-000000000018','00000000-0000-0000-0000-000000000001','60000000-0000-0000-0000-000000000005','2026-06-26','2026-06-26 09:00:00+02','2026-06-26 19:00:00+02',600,'work','Europe/Madrid','manual')
ON CONFLICT DO NOTHING;

-- Sofía Reyes — Mayo 2026 (15 días, excluye baja médica 11-15 mayo)
INSERT INTO time_entries (id, company_id, employee_id, date, start_time, end_time, duration_minutes, entry_type, timezone, source) VALUES
  ('b5000000-0000-0000-0000-000000000001','00000000-0000-0000-0000-000000000001','60000000-0000-0000-0000-000000000006','2026-05-04','2026-05-04 09:00:00+02','2026-05-04 17:00:00+02',480,'work','Europe/Madrid','manual'),
  ('b5000000-0000-0000-0000-000000000002','00000000-0000-0000-0000-000000000001','60000000-0000-0000-0000-000000000006','2026-05-05','2026-05-05 09:00:00+02','2026-05-05 17:00:00+02',480,'work','Europe/Madrid','manual'),
  ('b5000000-0000-0000-0000-000000000003','00000000-0000-0000-0000-000000000001','60000000-0000-0000-0000-000000000006','2026-05-06','2026-05-06 09:00:00+02','2026-05-06 17:00:00+02',480,'work','Europe/Madrid','manual'),
  ('b5000000-0000-0000-0000-000000000004','00000000-0000-0000-0000-000000000001','60000000-0000-0000-0000-000000000006','2026-05-07','2026-05-07 09:00:00+02','2026-05-07 17:00:00+02',480,'work','Europe/Madrid','manual'),
  ('b5000000-0000-0000-0000-000000000005','00000000-0000-0000-0000-000000000001','60000000-0000-0000-0000-000000000006','2026-05-08','2026-05-08 09:00:00+02','2026-05-08 18:30:00+02',570,'work','Europe/Madrid','manual'),
  -- baja 11-15 mayo, retoma el 18
  ('b5000000-0000-0000-0000-000000000006','00000000-0000-0000-0000-000000000001','60000000-0000-0000-0000-000000000006','2026-05-18','2026-05-18 09:00:00+02','2026-05-18 17:00:00+02',480,'work','Europe/Madrid','manual'),
  ('b5000000-0000-0000-0000-000000000007','00000000-0000-0000-0000-000000000001','60000000-0000-0000-0000-000000000006','2026-05-19','2026-05-19 09:00:00+02','2026-05-19 17:00:00+02',480,'work','Europe/Madrid','manual'),
  ('b5000000-0000-0000-0000-000000000008','00000000-0000-0000-0000-000000000001','60000000-0000-0000-0000-000000000006','2026-05-20','2026-05-20 09:00:00+02','2026-05-20 17:00:00+02',480,'work','Europe/Madrid','manual'),
  ('b5000000-0000-0000-0000-000000000009','00000000-0000-0000-0000-000000000001','60000000-0000-0000-0000-000000000006','2026-05-21','2026-05-21 09:00:00+02','2026-05-21 17:00:00+02',480,'work','Europe/Madrid','manual'),
  ('b5000000-0000-0000-0000-000000000010','00000000-0000-0000-0000-000000000001','60000000-0000-0000-0000-000000000006','2026-05-22','2026-05-22 09:00:00+02','2026-05-22 18:30:00+02',570,'work','Europe/Madrid','manual'),
  ('b5000000-0000-0000-0000-000000000011','00000000-0000-0000-0000-000000000001','60000000-0000-0000-0000-000000000006','2026-05-25','2026-05-25 09:00:00+02','2026-05-25 17:00:00+02',480,'work','Europe/Madrid','manual'),
  ('b5000000-0000-0000-0000-000000000012','00000000-0000-0000-0000-000000000001','60000000-0000-0000-0000-000000000006','2026-05-26','2026-05-26 09:00:00+02','2026-05-26 17:00:00+02',480,'work','Europe/Madrid','manual'),
  ('b5000000-0000-0000-0000-000000000013','00000000-0000-0000-0000-000000000001','60000000-0000-0000-0000-000000000006','2026-05-27','2026-05-27 09:00:00+02','2026-05-27 17:00:00+02',480,'work','Europe/Madrid','manual'),
  ('b5000000-0000-0000-0000-000000000014','00000000-0000-0000-0000-000000000001','60000000-0000-0000-0000-000000000006','2026-05-28','2026-05-28 09:00:00+02','2026-05-28 17:00:00+02',480,'work','Europe/Madrid','manual'),
  ('b5000000-0000-0000-0000-000000000015','00000000-0000-0000-0000-000000000001','60000000-0000-0000-0000-000000000006','2026-05-29','2026-05-29 09:00:00+02','2026-05-29 18:30:00+02',570,'work','Europe/Madrid','manual')
ON CONFLICT DO NOTHING;

-- Julio 2026 — día 01/07 para varios empleados (miércoles)
INSERT INTO time_entries (id, company_id, employee_id, date, start_time, end_time, duration_minutes, entry_type, timezone, source) VALUES
  -- David Soto (002)
  ('b6000000-0000-0000-0000-000000000001','00000000-0000-0000-0000-000000000001','60000000-0000-0000-0000-000000000002','2026-07-01','2026-07-01 09:00:00+02','2026-07-01 18:30:00+02',570,'work','Europe/Madrid','manual'),
  -- Pablo Iglesias (004)
  ('b7000000-0000-0000-0000-000000000001','00000000-0000-0000-0000-000000000001','60000000-0000-0000-0000-000000000004','2026-07-01','2026-07-01 09:00:00+02','2026-07-01 17:00:00+02',480,'work','Europe/Madrid','manual'),
  -- Lucía Fernández (005)
  ('b8000000-0000-0000-0000-000000000001','00000000-0000-0000-0000-000000000001','60000000-0000-0000-0000-000000000005','2026-07-01','2026-07-01 09:00:00+02','2026-07-01 17:00:00+02',480,'work','Europe/Madrid','manual'),
  -- Sofía Reyes (006)
  ('b9000000-0000-0000-0000-000000000001','00000000-0000-0000-0000-000000000001','60000000-0000-0000-0000-000000000006','2026-07-01','2026-07-01 09:00:00+02','2026-07-01 19:00:00+02',600,'work','Europe/Madrid','manual'),
  -- Ana García (007)
  ('ba000000-0000-0000-0000-000000000001','00000000-0000-0000-0000-000000000001','60000000-0000-0000-0000-000000000007','2026-07-01','2026-07-01 08:30:00+02','2026-07-01 16:30:00+02',480,'work','Europe/Madrid','manual'),
  -- Rafael Mora (008)
  ('bb000000-0000-0000-0000-000000000001','00000000-0000-0000-0000-000000000001','60000000-0000-0000-0000-000000000008','2026-07-01','2026-07-01 09:00:00+02','2026-07-01 18:00:00+02',540,'work','Europe/Madrid','manual')
ON CONFLICT DO NOTHING;


-- ── BLOQUE 6: REGISTROS DE COMPENSACIÓN ─────────────────────────────────────
-- Procesados por Nuria (Head of People). Valores acordados con HR.

INSERT INTO compensation_records
  (id, company_id, employee_id, processed_by_employee_id,
   period_start, period_end,
   scheduled_minutes, worked_minutes, balance_minutes,
   compensated_minutes, compensation_type, comment)
VALUES
  -- Pablo mayo: 20 días × 480 = 9600 sched; trabajó un poco extra
  ('c1000000-0000-0000-0000-000000000001','00000000-0000-0000-0000-000000000001',
   '60000000-0000-0000-0000-000000000004','60000000-0000-0000-0000-000000000003',
   '2026-05-01','2026-05-31',9600,9720,120,0,'time_off','Balance positivo mayo — 2 h acumuladas'),
  -- Pablo junio: 22 días × 480 = 10560 sched; ausente 4 días sin fichar
  ('c1000000-0000-0000-0000-000000000002','00000000-0000-0000-0000-000000000001',
   '60000000-0000-0000-0000-000000000004','60000000-0000-0000-0000-000000000003',
   '2026-06-01','2026-06-30',10560,10380,-180,0,'time_off','Déficit leve junio — recuperar en julio'),
  -- David mayo: positivo
  ('c1000000-0000-0000-0000-000000000003','00000000-0000-0000-0000-000000000001',
   '60000000-0000-0000-0000-000000000002','60000000-0000-0000-0000-000000000003',
   '2026-05-01','2026-05-31',9600,9750,150,0,'time_off','Cierre mayo'),
  -- David junio: compensado en tiempo libre
  ('c1000000-0000-0000-0000-000000000004','00000000-0000-0000-0000-000000000001',
   '60000000-0000-0000-0000-000000000002','60000000-0000-0000-0000-000000000003',
   '2026-06-01','2026-06-30',10560,10740,180,180,'time_off','Exceso compensado: tarde libre el 30-jun'),
  -- Lucía mayo
  ('c1000000-0000-0000-0000-000000000005','00000000-0000-0000-0000-000000000001',
   '60000000-0000-0000-0000-000000000005','60000000-0000-0000-0000-000000000003',
   '2026-05-01','2026-05-31',9600,9660,60,0,'time_off','1 hora extra acumulada'),
  -- Lucía junio
  ('c1000000-0000-0000-0000-000000000006','00000000-0000-0000-0000-000000000001',
   '60000000-0000-0000-0000-000000000005','60000000-0000-0000-0000-000000000003',
   '2026-06-01','2026-06-30',10560,10680,120,0,'time_off','Balance positivo: 2 h pendientes de compensar')
ON CONFLICT DO NOTHING;


-- ── BLOQUE 7: ATS — CANDIDATOS Y PIPELINE ───────────────────────────────────

-- 7.1 Nuevos candidatos
INSERT INTO candidates (id, name, email, phone, location, skills, experience_years, summary, source) VALUES
  ('40000000-0000-0000-0000-000000000005','Ana Martínez','ana.martinez@example.com','+34 611 222 333','Madrid',
   '{React,TypeScript,"Design systems",Figma}',7,
   'Senior Frontend con 7 años. Especialista en design systems, ex-Cabify. Referencia técnica en sus equipos.','linkedin'),
  ('40000000-0000-0000-0000-000000000006','Diego Ruano','diego.ruano@example.com','+34 622 333 444','Madrid',
   '{React,TypeScript,Vue,CSS}',4,
   'Cuatro años en agencia y producto. Buen portfolio de interfaces complejas. Busca estabilidad en empresa de producto.','job_board'),
  ('40000000-0000-0000-0000-000000000007','Carmen López','carmen.lopez@example.com','+34 633 444 555','Barcelona',
   '{React,Angular,RxJS}',3,
   'Frontend engineer con base sólida en Angular. Dispuesta a relocate a Madrid o trabajar en remoto.','career_site'),
  ('40000000-0000-0000-0000-000000000008','Tomás Vera','tomas.vera@example.com',null,'Sevilla',
   '{HTML,CSS,JavaScript}',1,
   'Junior con 1 año de experiencia. Buen potencial pero experiencia insuficiente para el rol senior.','job_board'),
  ('40000000-0000-0000-0000-000000000009','Beatriz Santos','beatriz.santos@example.com','+34 644 555 666','Barcelona',
   '{"Customer Success",SaaS,Zendesk,Inglés,Churn}',3,
   'CSM en SaaS B2B, especializada en onboarding y reducción de churn. NPS de su cartera: 72.','career_site'),
  ('40000000-0000-0000-0000-000000000010','Ignacio Cruz','ignacio.cruz@example.com','+34 655 666 777','Madrid',
   '{"Customer Success",HubSpot,SaaS,Salesforce}',5,
   'Cinco años en CS enterprise. Gestionó cuentas de +200k ARR. Busca rol con mayor impacto estratégico.','linkedin'),
  ('40000000-0000-0000-0000-000000000011','Rosa Navarro','rosa.navarro@example.com','+34 666 777 888','Barcelona',
   '{"Customer Success",SaaS,Francés,Inglés,"Account management"}',6,
   'Ex-Salesforce, 6 años en CS. Bilingüe francés-español. Perfil muy sólido para cuentas internacionales.','career_site'),
  ('40000000-0000-0000-0000-000000000012','Andrés Lima','andres.lima@example.com','+34 677 888 999','Zaragoza',
   '{Electromecánica,PLC,ABB,"Mantenimiento preventivo",Hidráulica}',5,
   'Cinco años en planta automotriz. Manejo de PLCs Allen-Bradley y ABB. Disponibilidad inmediata.','job_board')
ON CONFLICT DO NOTHING;

-- 7.2 Nuevas aplicaciones
INSERT INTO applications (id, job_id, candidate_id, stage_id, fit_score, source, utm)
SELECT '50000000-0000-0000-0000-000000000005','30000000-0000-0000-0000-000000000001','40000000-0000-0000-0000-000000000005',
       s.id,91,'linkedin','{"utm_source":"linkedin","utm_medium":"cpc"}'
FROM job_stages s WHERE s.job_id='30000000-0000-0000-0000-000000000001' AND s.name='Oferta'
ON CONFLICT DO NOTHING;

INSERT INTO applications (id, job_id, candidate_id, stage_id, fit_score, source, utm)
SELECT '50000000-0000-0000-0000-000000000006','30000000-0000-0000-0000-000000000001','40000000-0000-0000-0000-000000000006',
       s.id,74,'job_board','{"utm_source":"indeed","utm_medium":"cpc"}'
FROM job_stages s WHERE s.job_id='30000000-0000-0000-0000-000000000001' AND s.name='Entrevista'
ON CONFLICT DO NOTHING;

INSERT INTO applications (id, job_id, candidate_id, stage_id, fit_score, source, utm)
SELECT '50000000-0000-0000-0000-000000000007','30000000-0000-0000-0000-000000000001','40000000-0000-0000-0000-000000000007',
       s.id,68,'career_site','{"utm_source":"career_site","utm_medium":"organic"}'
FROM job_stages s WHERE s.job_id='30000000-0000-0000-0000-000000000001' AND s.name='Screening'
ON CONFLICT DO NOTHING;

INSERT INTO applications (id, job_id, candidate_id, stage_id, fit_score, source, utm, status)
SELECT '50000000-0000-0000-0000-000000000008','30000000-0000-0000-0000-000000000001','40000000-0000-0000-0000-000000000008',
       s.id,42,'job_board','{"utm_source":"infojobs","utm_medium":"cpc"}','rejected'
FROM job_stages s WHERE s.job_id='30000000-0000-0000-0000-000000000001' AND s.name='Descartado'
ON CONFLICT DO NOTHING;

INSERT INTO applications (id, job_id, candidate_id, stage_id, fit_score, source, utm)
SELECT '50000000-0000-0000-0000-000000000009','30000000-0000-0000-0000-000000000002','40000000-0000-0000-0000-000000000009',
       s.id,72,'career_site','{"utm_source":"career_site","utm_medium":"organic"}'
FROM job_stages s WHERE s.job_id='30000000-0000-0000-0000-000000000002' AND s.name='Screening'
ON CONFLICT DO NOTHING;

INSERT INTO applications (id, job_id, candidate_id, stage_id, fit_score, source, utm)
SELECT '50000000-0000-0000-0000-000000000010','30000000-0000-0000-0000-000000000002','40000000-0000-0000-0000-000000000010',
       s.id,78,'linkedin','{"utm_source":"linkedin","utm_medium":"cpc"}'
FROM job_stages s WHERE s.job_id='30000000-0000-0000-0000-000000000002' AND s.name='Entrevista'
ON CONFLICT DO NOTHING;

INSERT INTO applications (id, job_id, candidate_id, stage_id, fit_score, source, utm)
SELECT '50000000-0000-0000-0000-000000000011','30000000-0000-0000-0000-000000000002','40000000-0000-0000-0000-000000000011',
       s.id,86,'career_site','{"utm_source":"career_site","utm_medium":"organic"}'
FROM job_stages s WHERE s.job_id='30000000-0000-0000-0000-000000000002' AND s.name='Oferta'
ON CONFLICT DO NOTHING;

INSERT INTO applications (id, job_id, candidate_id, stage_id, fit_score, source, utm, status)
SELECT '50000000-0000-0000-0000-000000000012','30000000-0000-0000-0000-000000000003','40000000-0000-0000-0000-000000000012',
       s.id,83,'job_board','{"utm_source":"infojobs","utm_medium":"cpc"}','hired'
FROM job_stages s WHERE s.job_id='30000000-0000-0000-0000-000000000003' AND s.name='Contratado'
ON CONFLICT DO NOTHING;

-- Mover candidatura de Sara Ait (Customer Success) de Aplicado → Screening
UPDATE applications
SET stage_id = (SELECT id FROM job_stages WHERE job_id='30000000-0000-0000-0000-000000000002' AND name='Screening')
WHERE id = '50000000-0000-0000-0000-000000000003';

-- Marcar candidatura de Lucía como hired → Contratado
UPDATE applications
SET status  = 'hired',
    stage_id = (SELECT id FROM job_stages WHERE job_id='30000000-0000-0000-0000-000000000001' AND name='Contratado')
WHERE id = '50000000-0000-0000-0000-000000000001';

-- 7.3 Application events (stage trail para nuevas aplicaciones)
INSERT INTO application_events (application_id, type, from_stage, to_stage, reason, actor_email) VALUES
  -- Ana Martínez: Aplicado → Screening → Entrevista → Oferta
  ('50000000-0000-0000-0000-000000000005','created',    null,         'Aplicado',   'Candidatura LinkedIn',                     null),
  ('50000000-0000-0000-0000-000000000005','stage_change','Aplicado',  'Screening',  'CV muy sólido, experiencia excelente',      'demo@acme.example.com'),
  ('50000000-0000-0000-0000-000000000005','stage_change','Screening', 'Entrevista', 'Screening perfecto, buena comunicación',    'demo@acme.example.com'),
  ('50000000-0000-0000-0000-000000000005','stage_change','Entrevista','Oferta',     'Entrevista técnica sobresaliente',          'demo@acme.example.com'),
  -- Diego Ruano: Aplicado → Screening → Entrevista
  ('50000000-0000-0000-0000-000000000006','created',    null,         'Aplicado',   'Candidatura Indeed',                       null),
  ('50000000-0000-0000-0000-000000000006','stage_change','Aplicado',  'Screening',  'Perfil interesante',                       'demo@acme.example.com'),
  ('50000000-0000-0000-0000-000000000006','stage_change','Screening', 'Entrevista', 'Buena entrevista inicial',                 'demo@acme.example.com'),
  -- Carmen López: Aplicado → Screening
  ('50000000-0000-0000-0000-000000000007','created',    null,         'Aplicado',   'Candidatura career site',                  null),
  ('50000000-0000-0000-0000-000000000007','stage_change','Aplicado',  'Screening',  'Experiencia relevante con frameworks JS',  'demo@acme.example.com'),
  -- Tomás Vera: Aplicado → Descartado
  ('50000000-0000-0000-0000-000000000008','created',    null,         'Aplicado',   'Candidatura InfoJobs',                     null),
  ('50000000-0000-0000-0000-000000000008','stage_change','Aplicado',  'Descartado', 'Experiencia insuficiente para rol senior', 'demo@acme.example.com'),
  -- Beatriz Santos: Aplicado → Screening
  ('50000000-0000-0000-0000-000000000009','created',    null,         'Aplicado',   'Candidatura career site',                  null),
  ('50000000-0000-0000-0000-000000000009','stage_change','Aplicado',  'Screening',  'Buen perfil de CS',                        'demo@acme.example.com'),
  -- Ignacio Cruz: Aplicado → Screening → Entrevista
  ('50000000-0000-0000-0000-000000000010','created',    null,         'Aplicado',   'Candidatura LinkedIn',                     null),
  ('50000000-0000-0000-0000-000000000010','stage_change','Aplicado',  'Screening',  'Perfil senior muy ajustado',               'demo@acme.example.com'),
  ('50000000-0000-0000-0000-000000000010','stage_change','Screening', 'Entrevista', 'Excelente llamada de screening',           'demo@acme.example.com'),
  -- Rosa Navarro: Aplicado → Screening → Entrevista → Oferta
  ('50000000-0000-0000-0000-000000000011','created',    null,         'Aplicado',   'Candidatura career site',                  null),
  ('50000000-0000-0000-0000-000000000011','stage_change','Aplicado',  'Screening',  'CV top, ex-Salesforce',                    'demo@acme.example.com'),
  ('50000000-0000-0000-0000-000000000011','stage_change','Screening', 'Entrevista', 'Screening impecable',                      'demo@acme.example.com'),
  ('50000000-0000-0000-0000-000000000011','stage_change','Entrevista','Oferta',     'Fit cultural y técnico excelente',         'demo@acme.example.com'),
  -- Andrés Lima: Aplicado → Screening → Entrevista → Contratado
  ('50000000-0000-0000-0000-000000000012','created',    null,         'Aplicado',   'Candidatura InfoJobs',                     null),
  ('50000000-0000-0000-0000-000000000012','stage_change','Aplicado',  'Screening',  'Experiencia en automoción perfecta',       'demo@acme.example.com'),
  ('50000000-0000-0000-0000-000000000012','stage_change','Screening', 'Entrevista', 'Muy buena impresión en llamada',           'demo@acme.example.com'),
  ('50000000-0000-0000-0000-000000000012','stage_change','Entrevista','Contratado', 'Oferta aceptada',                         'demo@acme.example.com'),
  -- Lucía: completar trail Entrevista → Oferta → Contratado
  ('50000000-0000-0000-0000-000000000001','stage_change','Entrevista','Oferta',     'Entrevista técnica brillante',             'demo@acme.example.com'),
  ('50000000-0000-0000-0000-000000000001','stage_change','Oferta',    'Contratado', 'Oferta aceptada. ¡Bienvenida al equipo!', 'demo@acme.example.com');

-- 7.4 Entrevistas
INSERT INTO interviews (id, application_id, stage_id, scheduled_at, duration_min, interviewer, meeting_url, status)
SELECT 'e1000000-0000-0000-0000-000000000001',
       '50000000-0000-0000-0000-000000000005',
       (SELECT id FROM job_stages WHERE job_id='30000000-0000-0000-0000-000000000001' AND name='Entrevista'),
       '2026-06-22 11:00:00+02', 60, 'David Soto', 'https://meet.google.com/abc-def-ghi', 'done'
ON CONFLICT DO NOTHING;

INSERT INTO interviews (id, application_id, stage_id, scheduled_at, duration_min, interviewer, meeting_url, status)
SELECT 'e1000000-0000-0000-0000-000000000002',
       '50000000-0000-0000-0000-000000000010',
       (SELECT id FROM job_stages WHERE job_id='30000000-0000-0000-0000-000000000002' AND name='Entrevista'),
       '2026-07-03 10:00:00+02', 45, 'Nuria Pla', 'https://meet.google.com/jkl-mno-pqr', 'scheduled'
ON CONFLICT DO NOTHING;

INSERT INTO interviews (id, application_id, stage_id, scheduled_at, duration_min, interviewer, meeting_url, status)
SELECT 'e1000000-0000-0000-0000-000000000003',
       '50000000-0000-0000-0000-000000000011',
       (SELECT id FROM job_stages WHERE job_id='30000000-0000-0000-0000-000000000002' AND name='Entrevista'),
       '2026-06-19 16:00:00+02', 60, 'Nuria Pla', 'https://meet.google.com/stu-vwx-yza', 'done'
ON CONFLICT DO NOTHING;

-- 7.5 Feedback de entrevistas (las marcadas como done)
INSERT INTO interview_feedback (id, interview_id, template_id, ratings, overall, comments, author_email) VALUES
  ('f1000000-0000-0000-0000-000000000001',
   'e1000000-0000-0000-0000-000000000001',
   '20000000-0000-0000-0000-000000000002',
   '{"Conocimiento técnico del rol":5,"Resolución de problemas":5,"Experiencia relevante":5,"Colaboración y feedback":4}',
   5, 'Candidata excepcional. Mejor perfil que hemos entrevistado para este rol. Proponer oferta.', 'demo@acme.example.com'),
  ('f1000000-0000-0000-0000-000000000002',
   'e1000000-0000-0000-0000-000000000003',
   '20000000-0000-0000-0000-000000000002',
   '{"Conocimiento técnico del rol":4,"Resolución de problemas":4,"Experiencia relevante":5,"Colaboración y feedback":5}',
   5, 'Rosa tiene una trayectoria impresionante. Bilingüe y con cuentas enterprise. Proponer oferta.', 'demo@acme.example.com')
ON CONFLICT DO NOTHING;

-- 7.6 Notas en candidaturas avanzadas
INSERT INTO notes (id, application_id, author_email, body) VALUES
  ('d1000000-0000-0000-0000-000000000001',
   '50000000-0000-0000-0000-000000000005',
   'demo@acme.example.com',
   'Ana ha pedido una incorporación para el 1 de agosto. Hay que coordinar con David para la asignación de equipo. Expectativa salarial: 62.000 € brutos.'),
  ('d1000000-0000-0000-0000-000000000002',
   '50000000-0000-0000-0000-000000000011',
   'demo@acme.example.com',
   'Rosa pide trabajo 100% remoto. Revisada política de empresa — es compatible. Expectativa salarial: 40.000 €, dentro del rango de la oferta.')
ON CONFLICT DO NOTHING;

-- ── BLOQUE 8: AJUSTES DE PERMISOS (allowance_adjustment_log) ─────────────────
-- Traspasos 2025→2026, ajustes manuales HR y caducidades
-- Procesados por Nuria Pla (employee 003 = 60000000-0000-0000-0000-000000000003)

INSERT INTO allowance_adjustment_log
  (id, employee_allowance_id, adjusted_by_employee_id, amount, reason, type)
VALUES
  -- Traspasos (carryover) vacaciones 2025 → 2026
  ('ae000000-0000-0000-0000-000000000001','aa000000-0000-0000-0000-000000000001','60000000-0000-0000-0000-000000000003', 3,'Traspaso vacaciones 2025 → 2026','carryover'),
  ('ae000000-0000-0000-0000-000000000002','aa000000-0000-0000-0000-000000000002','60000000-0000-0000-0000-000000000003', 5,'Traspaso vacaciones 2025 → 2026','carryover'),
  ('ae000000-0000-0000-0000-000000000003','aa000000-0000-0000-0000-000000000004','60000000-0000-0000-0000-000000000003', 2,'Traspaso vacaciones 2025 → 2026','carryover'),
  ('ae000000-0000-0000-0000-000000000004','aa000000-0000-0000-0000-000000000005','60000000-0000-0000-0000-000000000003', 1,'Traspaso vacaciones 2025 → 2026','carryover'),
  ('ae000000-0000-0000-0000-000000000005','aa000000-0000-0000-0000-000000000007','60000000-0000-0000-0000-000000000003', 4,'Traspaso vacaciones 2025 → 2026','carryover'),
  ('ae000000-0000-0000-0000-000000000006','aa000000-0000-0000-0000-000000000009','60000000-0000-0000-0000-000000000003', 1,'Traspaso vacaciones 2025 → 2026','carryover'),
  -- Ajustes manuales (manual_hr)
  ('ae000000-0000-0000-0000-000000000007','aa000000-0000-0000-0000-000000000002','60000000-0000-0000-0000-000000000003', 1,'Premio rendimiento Q4 2025','manual_hr'),
  ('ae000000-0000-0000-0000-000000000008','aa000000-0000-0000-0000-000000000007','60000000-0000-0000-0000-000000000003', 2,'Ajuste responsabilidades adicionales COO','manual_hr'),
  ('ae000000-0000-0000-0000-000000000009','aa000000-0000-0000-0000-000000000004','60000000-0000-0000-0000-000000000003',-1,'Corrección error administrativo dic 2025','manual_hr'),
  -- Caducidades (expiry) — valores negativos
  ('ae000000-0000-0000-0000-000000000010','aa000000-0000-0000-0000-000000000001','60000000-0000-0000-0000-000000000003',-1,'Caducidad días traspaso 2024 no consumidos','expiry'),
  ('ae000000-0000-0000-0000-000000000011','aa000000-0000-0000-0000-000000000007','60000000-0000-0000-0000-000000000003',-2,'Caducidad parcial traspaso 2025 (límite carryover)','expiry')
ON CONFLICT DO NOTHING;
